,날짜,본문,본문%
0,2023.08.31,2,5.39
1,2023.08.30,3,5.39
2,2023.08.29,5,5.39
3,2023.08.28,7,5.39
4,2023.08.25,9,5.39
5,2023.08.24,5,5.39
6,2023.08.23,2,5.39
7,2023.08.22,4,5.39
8,2023.08.21,3,5.39
9,2023.08.18,6,5.39
10,2023.08.17,42,5.39
11,2023.08.16,55,5.39
12,2023.08.14,33,5.39
13,2023.08.11,1,5.39
14,2023.08.10,14,5.39
15,2023.08.09,44,5.39
16,2023.08.08,64,5.39
17,2023.08.07,33,5.39
18,2023.08.04,6,5.39
19,2023.08.03,3,5.39
20,2023.08.02,53,5.39
21,2023.08.01,111,5.39
